left,top,right,bottom,id,X,Y
6.0126195250,51.7657844820,6.3626195250,51.9907844820,93,6.0126195250,51.7657844820
6.0126195250,51.0907844820,6.3626195250,51.3157844820,96,6.0126195250,51.0907844820
6.3626195250,51.7657844820,6.7126195250,51.9907844820,131,6.3626195250,51.7657844820
6.3626195250,51.5407844820,6.7126195250,51.7657844820,132,6.3626195250,51.5407844820
6.3626195250,51.3157844820,6.7126195250,51.5407844820,133,6.3626195250,51.3157844820
6.3626195250,51.0907844820,6.7126195250,51.3157844820,134,6.3626195250,51.0907844820
6.3626195250,50.8657844820,6.7126195250,51.0907844820,135,6.3626195250,50.8657844820
6.3626195250,50.6407844820,6.7126195250,50.8657844820,136,6.3626195250,50.6407844820
6.3626195250,50.1907844820,6.7126195250,50.4157844820,138,6.3626195250,50.1907844820
6.3626195250,49.9657844820,6.7126195250,50.1907844820,139,6.3626195250,49.9657844820
6.7126195250,53.5657844820,7.0626195250,53.7907844820,161,6.7126195250,53.5657844820
6.7126195250,51.7657844820,7.0626195250,51.9907844820,169,6.7126195250,51.7657844820
6.7126195250,51.5407844820,7.0626195250,51.7657844820,170,6.7126195250,51.5407844820
6.7126195250,51.3157844820,7.0626195250,51.5407844820,171,6.7126195250,51.3157844820
6.7126195250,51.0907844820,7.0626195250,51.3157844820,172,6.7126195250,51.0907844820
6.7126195250,50.8657844820,7.0626195250,51.0907844820,173,6.7126195250,50.8657844820
6.7126195250,50.6407844820,7.0626195250,50.8657844820,174,6.7126195250,50.6407844820
6.7126195250,50.4157844820,7.0626195250,50.6407844820,175,6.7126195250,50.4157844820
6.7126195250,50.1907844820,7.0626195250,50.4157844820,176,6.7126195250,50.1907844820
6.7126195250,49.9657844820,7.0626195250,50.1907844820,177,6.7126195250,49.9657844820
6.7126195250,49.7407844820,7.0626195250,49.9657844820,178,6.7126195250,49.7407844820
6.7126195250,49.5157844820,7.0626195250,49.7407844820,179,6.7126195250,49.5157844820
6.7126195250,49.2907844820,7.0626195250,49.5157844820,180,6.7126195250,49.2907844820
7.0626195250,53.3407844820,7.4126195250,53.5657844820,200,7.0626195250,53.3407844820
7.0626195250,52.6657844820,7.4126195250,52.8907844820,203,7.0626195250,52.6657844820
7.0626195250,52.4407844820,7.4126195250,52.6657844820,204,7.0626195250,52.4407844820
7.0626195250,52.2157844820,7.4126195250,52.4407844820,205,7.0626195250,52.2157844820
7.0626195250,51.9907844820,7.4126195250,52.2157844820,206,7.0626195250,51.9907844820
7.0626195250,51.7657844820,7.4126195250,51.9907844820,207,7.0626195250,51.7657844820
7.0626195250,51.5407844820,7.4126195250,51.7657844820,208,7.0626195250,51.5407844820
7.0626195250,51.3157844820,7.4126195250,51.5407844820,209,7.0626195250,51.3157844820
7.0626195250,51.0907844820,7.4126195250,51.3157844820,210,7.0626195250,51.0907844820
7.0626195250,50.8657844820,7.4126195250,51.0907844820,211,7.0626195250,50.8657844820
7.0626195250,50.6407844820,7.4126195250,50.8657844820,212,7.0626195250,50.6407844820
7.0626195250,50.4157844820,7.4126195250,50.6407844820,213,7.0626195250,50.4157844820
7.0626195250,50.1907844820,7.4126195250,50.4157844820,214,7.0626195250,50.1907844820
7.0626195250,49.9657844820,7.4126195250,50.1907844820,215,7.0626195250,49.9657844820
7.0626195250,49.7407844820,7.4126195250,49.9657844820,216,7.0626195250,49.7407844820
7.0626195250,49.5157844820,7.4126195250,49.7407844820,217,7.0626195250,49.5157844820
7.0626195250,49.2907844820,7.4126195250,49.5157844820,218,7.0626195250,49.2907844820
7.4126195250,53.5657844820,7.7626195250,53.7907844820,237,7.4126195250,53.5657844820
7.4126195250,53.3407844820,7.7626195250,53.5657844820,238,7.4126195250,53.3407844820
7.4126195250,53.1157844820,7.7626195250,53.3407844820,239,7.4126195250,53.1157844820
7.4126195250,52.8907844820,7.7626195250,53.1157844820,240,7.4126195250,52.8907844820
7.4126195250,52.6657844820,7.7626195250,52.8907844820,241,7.4126195250,52.6657844820
7.4126195250,52.4407844820,7.7626195250,52.6657844820,242,7.4126195250,52.4407844820
7.4126195250,52.2157844820,7.7626195250,52.4407844820,243,7.4126195250,52.2157844820
7.4126195250,51.9907844820,7.7626195250,52.2157844820,244,7.4126195250,51.9907844820
7.4126195250,51.7657844820,7.7626195250,51.9907844820,245,7.4126195250,51.7657844820
7.4126195250,51.5407844820,7.7626195250,51.7657844820,246,7.4126195250,51.5407844820
7.4126195250,51.3157844820,7.7626195250,51.5407844820,247,7.4126195250,51.3157844820
7.4126195250,51.0907844820,7.7626195250,51.3157844820,248,7.4126195250,51.0907844820
7.4126195250,50.8657844820,7.7626195250,51.0907844820,249,7.4126195250,50.8657844820
7.4126195250,50.6407844820,7.7626195250,50.8657844820,250,7.4126195250,50.6407844820
7.4126195250,50.4157844820,7.7626195250,50.6407844820,251,7.4126195250,50.4157844820
7.4126195250,50.1907844820,7.7626195250,50.4157844820,252,7.4126195250,50.1907844820
7.4126195250,49.9657844820,7.7626195250,50.1907844820,253,7.4126195250,49.9657844820
7.4126195250,49.7407844820,7.7626195250,49.9657844820,254,7.4126195250,49.7407844820
7.4126195250,49.5157844820,7.7626195250,49.7407844820,255,7.4126195250,49.5157844820
7.4126195250,49.2907844820,7.7626195250,49.5157844820,256,7.4126195250,49.2907844820
7.7626195250,53.5657844820,8.1126195250,53.7907844820,275,7.7626195250,53.5657844820
7.7626195250,53.3407844820,8.1126195250,53.5657844820,276,7.7626195250,53.3407844820
7.7626195250,53.1157844820,8.1126195250,53.3407844820,277,7.7626195250,53.1157844820
7.7626195250,52.8907844820,8.1126195250,53.1157844820,278,7.7626195250,52.8907844820
7.7626195250,52.6657844820,8.1126195250,52.8907844820,279,7.7626195250,52.6657844820
7.7626195250,52.4407844820,8.1126195250,52.6657844820,280,7.7626195250,52.4407844820
7.7626195250,52.2157844820,8.1126195250,52.4407844820,281,7.7626195250,52.2157844820
7.7626195250,51.9907844820,8.1126195250,52.2157844820,282,7.7626195250,51.9907844820
7.7626195250,51.7657844820,8.1126195250,51.9907844820,283,7.7626195250,51.7657844820
7.7626195250,51.5407844820,8.1126195250,51.7657844820,284,7.7626195250,51.5407844820
7.7626195250,51.3157844820,8.1126195250,51.5407844820,285,7.7626195250,51.3157844820
7.7626195250,51.0907844820,8.1126195250,51.3157844820,286,7.7626195250,51.0907844820
7.7626195250,50.8657844820,8.1126195250,51.0907844820,287,7.7626195250,50.8657844820
7.7626195250,50.6407844820,8.1126195250,50.8657844820,288,7.7626195250,50.6407844820
7.7626195250,50.4157844820,8.1126195250,50.6407844820,289,7.7626195250,50.4157844820
7.7626195250,50.1907844820,8.1126195250,50.4157844820,290,7.7626195250,50.1907844820
7.7626195250,49.9657844820,8.1126195250,50.1907844820,291,7.7626195250,49.9657844820
7.7626195250,49.7407844820,8.1126195250,49.9657844820,292,7.7626195250,49.7407844820
7.7626195250,49.5157844820,8.1126195250,49.7407844820,293,7.7626195250,49.5157844820
7.7626195250,49.2907844820,8.1126195250,49.5157844820,294,7.7626195250,49.2907844820
7.7626195250,49.0657844820,8.1126195250,49.2907844820,295,7.7626195250,49.0657844820
7.7626195250,48.3907844820,8.1126195250,48.6157844820,298,7.7626195250,48.3907844820
7.7626195250,48.1657844820,8.1126195250,48.3907844820,299,7.7626195250,48.1657844820
7.7626195250,47.9407844820,8.1126195250,48.1657844820,300,7.7626195250,47.9407844820
7.7626195250,47.7157844820,8.1126195250,47.9407844820,301,7.7626195250,47.7157844820
8.1126195250,53.5657844820,8.4626195250,53.7907844820,313,8.1126195250,53.5657844820
8.1126195250,53.3407844820,8.4626195250,53.5657844820,314,8.1126195250,53.3407844820
8.1126195250,53.1157844820,8.4626195250,53.3407844820,315,8.1126195250,53.1157844820
8.1126195250,52.8907844820,8.4626195250,53.1157844820,316,8.1126195250,52.8907844820
8.1126195250,52.6657844820,8.4626195250,52.8907844820,317,8.1126195250,52.6657844820
8.1126195250,52.4407844820,8.4626195250,52.6657844820,318,8.1126195250,52.4407844820
8.1126195250,52.2157844820,8.4626195250,52.4407844820,319,8.1126195250,52.2157844820
8.1126195250,51.9907844820,8.4626195250,52.2157844820,320,8.1126195250,51.9907844820
8.1126195250,51.7657844820,8.4626195250,51.9907844820,321,8.1126195250,51.7657844820
8.1126195250,51.5407844820,8.4626195250,51.7657844820,322,8.1126195250,51.5407844820
8.1126195250,51.3157844820,8.4626195250,51.5407844820,323,8.1126195250,51.3157844820
8.1126195250,51.0907844820,8.4626195250,51.3157844820,324,8.1126195250,51.0907844820
8.1126195250,50.8657844820,8.4626195250,51.0907844820,325,8.1126195250,50.8657844820
8.1126195250,50.6407844820,8.4626195250,50.8657844820,326,8.1126195250,50.6407844820
8.1126195250,50.4157844820,8.4626195250,50.6407844820,327,8.1126195250,50.4157844820
8.1126195250,50.1907844820,8.4626195250,50.4157844820,328,8.1126195250,50.1907844820
8.1126195250,49.9657844820,8.4626195250,50.1907844820,329,8.1126195250,49.9657844820
8.1126195250,49.7407844820,8.4626195250,49.9657844820,330,8.1126195250,49.7407844820
8.1126195250,49.5157844820,8.4626195250,49.7407844820,331,8.1126195250,49.5157844820
8.1126195250,49.2907844820,8.4626195250,49.5157844820,332,8.1126195250,49.2907844820
8.1126195250,49.0657844820,8.4626195250,49.2907844820,333,8.1126195250,49.0657844820
8.1126195250,48.8407844820,8.4626195250,49.0657844820,334,8.1126195250,48.8407844820
8.1126195250,48.6157844820,8.4626195250,48.8407844820,335,8.1126195250,48.6157844820
8.1126195250,48.3907844820,8.4626195250,48.6157844820,336,8.1126195250,48.3907844820
8.1126195250,48.1657844820,8.4626195250,48.3907844820,337,8.1126195250,48.1657844820
8.1126195250,47.9407844820,8.4626195250,48.1657844820,338,8.1126195250,47.9407844820
8.1126195250,47.7157844820,8.4626195250,47.9407844820,339,8.1126195250,47.7157844820
8.4626195250,54.6907844820,8.8126195250,54.9157844820,346,8.4626195250,54.6907844820
8.4626195250,53.3407844820,8.8126195250,53.5657844820,352,8.4626195250,53.3407844820
8.4626195250,53.1157844820,8.8126195250,53.3407844820,353,8.4626195250,53.1157844820
8.4626195250,52.8907844820,8.8126195250,53.1157844820,354,8.4626195250,52.8907844820
8.4626195250,52.6657844820,8.8126195250,52.8907844820,355,8.4626195250,52.6657844820
8.4626195250,52.4407844820,8.8126195250,52.6657844820,356,8.4626195250,52.4407844820
8.4626195250,52.2157844820,8.8126195250,52.4407844820,357,8.4626195250,52.2157844820
8.4626195250,51.9907844820,8.8126195250,52.2157844820,358,8.4626195250,51.9907844820
8.4626195250,51.7657844820,8.8126195250,51.9907844820,359,8.4626195250,51.7657844820
8.4626195250,51.5407844820,8.8126195250,51.7657844820,360,8.4626195250,51.5407844820
8.4626195250,51.3157844820,8.8126195250,51.5407844820,361,8.4626195250,51.3157844820
8.4626195250,51.0907844820,8.8126195250,51.3157844820,362,8.4626195250,51.0907844820
8.4626195250,50.8657844820,8.8126195250,51.0907844820,363,8.4626195250,50.8657844820
8.4626195250,50.6407844820,8.8126195250,50.8657844820,364,8.4626195250,50.6407844820
8.4626195250,50.4157844820,8.8126195250,50.6407844820,365,8.4626195250,50.4157844820
8.4626195250,50.1907844820,8.8126195250,50.4157844820,366,8.4626195250,50.1907844820
8.4626195250,49.9657844820,8.8126195250,50.1907844820,367,8.4626195250,49.9657844820
8.4626195250,49.7407844820,8.8126195250,49.9657844820,368,8.4626195250,49.7407844820
8.4626195250,49.5157844820,8.8126195250,49.7407844820,369,8.4626195250,49.5157844820
8.4626195250,49.2907844820,8.8126195250,49.5157844820,370,8.4626195250,49.2907844820
8.4626195250,49.0657844820,8.8126195250,49.2907844820,371,8.4626195250,49.0657844820
8.4626195250,48.8407844820,8.8126195250,49.0657844820,372,8.4626195250,48.8407844820
8.4626195250,48.6157844820,8.8126195250,48.8407844820,373,8.4626195250,48.6157844820
8.4626195250,48.3907844820,8.8126195250,48.6157844820,374,8.4626195250,48.3907844820
8.4626195250,48.1657844820,8.8126195250,48.3907844820,375,8.4626195250,48.1657844820
8.4626195250,47.9407844820,8.8126195250,48.1657844820,376,8.4626195250,47.9407844820
8.8126195250,54.6907844820,9.1626195250,54.9157844820,384,8.8126195250,54.6907844820
8.8126195250,53.7907844820,9.1626195250,54.0157844820,388,8.8126195250,53.7907844820
8.8126195250,53.5657844820,9.1626195250,53.7907844820,389,8.8126195250,53.5657844820
8.8126195250,53.3407844820,9.1626195250,53.5657844820,390,8.8126195250,53.3407844820
8.8126195250,53.1157844820,9.1626195250,53.3407844820,391,8.8126195250,53.1157844820
8.8126195250,52.8907844820,9.1626195250,53.1157844820,392,8.8126195250,52.8907844820
8.8126195250,52.6657844820,9.1626195250,52.8907844820,393,8.8126195250,52.6657844820
8.8126195250,52.4407844820,9.1626195250,52.6657844820,394,8.8126195250,52.4407844820
8.8126195250,52.2157844820,9.1626195250,52.4407844820,395,8.8126195250,52.2157844820
8.8126195250,51.9907844820,9.1626195250,52.2157844820,396,8.8126195250,51.9907844820
8.8126195250,51.7657844820,9.1626195250,51.9907844820,397,8.8126195250,51.7657844820
8.8126195250,51.5407844820,9.1626195250,51.7657844820,398,8.8126195250,51.5407844820
8.8126195250,51.3157844820,9.1626195250,51.5407844820,399,8.8126195250,51.3157844820
8.8126195250,51.0907844820,9.1626195250,51.3157844820,400,8.8126195250,51.0907844820
8.8126195250,50.8657844820,9.1626195250,51.0907844820,401,8.8126195250,50.8657844820
8.8126195250,50.6407844820,9.1626195250,50.8657844820,402,8.8126195250,50.6407844820
8.8126195250,50.4157844820,9.1626195250,50.6407844820,403,8.8126195250,50.4157844820
8.8126195250,50.1907844820,9.1626195250,50.4157844820,404,8.8126195250,50.1907844820
8.8126195250,49.9657844820,9.1626195250,50.1907844820,405,8.8126195250,49.9657844820
8.8126195250,49.7407844820,9.1626195250,49.9657844820,406,8.8126195250,49.7407844820
8.8126195250,49.5157844820,9.1626195250,49.7407844820,407,8.8126195250,49.5157844820
8.8126195250,49.2907844820,9.1626195250,49.5157844820,408,8.8126195250,49.2907844820
8.8126195250,49.0657844820,9.1626195250,49.2907844820,409,8.8126195250,49.0657844820
8.8126195250,48.8407844820,9.1626195250,49.0657844820,410,8.8126195250,48.8407844820
8.8126195250,48.6157844820,9.1626195250,48.8407844820,411,8.8126195250,48.6157844820
8.8126195250,48.3907844820,9.1626195250,48.6157844820,412,8.8126195250,48.3907844820
8.8126195250,48.1657844820,9.1626195250,48.3907844820,413,8.8126195250,48.1657844820
8.8126195250,47.9407844820,9.1626195250,48.1657844820,414,8.8126195250,47.9407844820
9.1626195250,54.6907844820,9.5126195250,54.9157844820,422,9.1626195250,54.6907844820
9.1626195250,54.4657844820,9.5126195250,54.6907844820,423,9.1626195250,54.4657844820
9.1626195250,54.2407844820,9.5126195250,54.4657844820,424,9.1626195250,54.2407844820
9.1626195250,54.0157844820,9.5126195250,54.2407844820,425,9.1626195250,54.0157844820
9.1626195250,53.7907844820,9.5126195250,54.0157844820,426,9.1626195250,53.7907844820
9.1626195250,53.5657844820,9.5126195250,53.7907844820,427,9.1626195250,53.5657844820
9.1626195250,53.3407844820,9.5126195250,53.5657844820,428,9.1626195250,53.3407844820
9.1626195250,53.1157844820,9.5126195250,53.3407844820,429,9.1626195250,53.1157844820
9.1626195250,52.8907844820,9.5126195250,53.1157844820,430,9.1626195250,52.8907844820
9.1626195250,52.6657844820,9.5126195250,52.8907844820,431,9.1626195250,52.6657844820
9.1626195250,52.4407844820,9.5126195250,52.6657844820,432,9.1626195250,52.4407844820
9.1626195250,52.2157844820,9.5126195250,52.4407844820,433,9.1626195250,52.2157844820
9.1626195250,51.9907844820,9.5126195250,52.2157844820,434,9.1626195250,51.9907844820
9.1626195250,51.7657844820,9.5126195250,51.9907844820,435,9.1626195250,51.7657844820
9.1626195250,51.5407844820,9.5126195250,51.7657844820,436,9.1626195250,51.5407844820
9.1626195250,51.3157844820,9.5126195250,51.5407844820,437,9.1626195250,51.3157844820
9.1626195250,51.0907844820,9.5126195250,51.3157844820,438,9.1626195250,51.0907844820
9.1626195250,50.8657844820,9.5126195250,51.0907844820,439,9.1626195250,50.8657844820
9.1626195250,50.6407844820,9.5126195250,50.8657844820,440,9.1626195250,50.6407844820
9.1626195250,50.4157844820,9.5126195250,50.6407844820,441,9.1626195250,50.4157844820
9.1626195250,50.1907844820,9.5126195250,50.4157844820,442,9.1626195250,50.1907844820
9.1626195250,49.9657844820,9.5126195250,50.1907844820,443,9.1626195250,49.9657844820
9.1626195250,49.7407844820,9.5126195250,49.9657844820,444,9.1626195250,49.7407844820
9.1626195250,49.5157844820,9.5126195250,49.7407844820,445,9.1626195250,49.5157844820
9.1626195250,49.2907844820,9.5126195250,49.5157844820,446,9.1626195250,49.2907844820
9.1626195250,49.0657844820,9.5126195250,49.2907844820,447,9.1626195250,49.0657844820
9.1626195250,48.8407844820,9.5126195250,49.0657844820,448,9.1626195250,48.8407844820
9.1626195250,48.6157844820,9.5126195250,48.8407844820,449,9.1626195250,48.6157844820
9.1626195250,48.3907844820,9.5126195250,48.6157844820,450,9.1626195250,48.3907844820
9.1626195250,48.1657844820,9.5126195250,48.3907844820,451,9.1626195250,48.1657844820
9.1626195250,47.9407844820,9.5126195250,48.1657844820,452,9.1626195250,47.9407844820
9.1626195250,47.7157844820,9.5126195250,47.9407844820,453,9.1626195250,47.7157844820
9.5126195250,54.6907844820,9.8626195250,54.9157844820,460,9.5126195250,54.6907844820
9.5126195250,54.4657844820,9.8626195250,54.6907844820,461,9.5126195250,54.4657844820
9.5126195250,54.2407844820,9.8626195250,54.4657844820,462,9.5126195250,54.2407844820
9.5126195250,54.0157844820,9.8626195250,54.2407844820,463,9.5126195250,54.0157844820
9.5126195250,53.7907844820,9.8626195250,54.0157844820,464,9.5126195250,53.7907844820
9.5126195250,53.5657844820,9.8626195250,53.7907844820,465,9.5126195250,53.5657844820
9.5126195250,53.3407844820,9.8626195250,53.5657844820,466,9.5126195250,53.3407844820
9.5126195250,53.1157844820,9.8626195250,53.3407844820,467,9.5126195250,53.1157844820
9.5126195250,52.8907844820,9.8626195250,53.1157844820,468,9.5126195250,52.8907844820
9.5126195250,52.6657844820,9.8626195250,52.8907844820,469,9.5126195250,52.6657844820
9.5126195250,52.4407844820,9.8626195250,52.6657844820,470,9.5126195250,52.4407844820
9.5126195250,52.2157844820,9.8626195250,52.4407844820,471,9.5126195250,52.2157844820
9.5126195250,51.9907844820,9.8626195250,52.2157844820,472,9.5126195250,51.9907844820
9.5126195250,51.7657844820,9.8626195250,51.9907844820,473,9.5126195250,51.7657844820
9.5126195250,51.5407844820,9.8626195250,51.7657844820,474,9.5126195250,51.5407844820
9.5126195250,51.3157844820,9.8626195250,51.5407844820,475,9.5126195250,51.3157844820
9.5126195250,51.0907844820,9.8626195250,51.3157844820,476,9.5126195250,51.0907844820
9.5126195250,50.8657844820,9.8626195250,51.0907844820,477,9.5126195250,50.8657844820
9.5126195250,50.6407844820,9.8626195250,50.8657844820,478,9.5126195250,50.6407844820
9.5126195250,50.4157844820,9.8626195250,50.6407844820,479,9.5126195250,50.4157844820
9.5126195250,50.1907844820,9.8626195250,50.4157844820,480,9.5126195250,50.1907844820
9.5126195250,49.9657844820,9.8626195250,50.1907844820,481,9.5126195250,49.9657844820
9.5126195250,49.7407844820,9.8626195250,49.9657844820,482,9.5126195250,49.7407844820
9.5126195250,49.5157844820,9.8626195250,49.7407844820,483,9.5126195250,49.5157844820
9.5126195250,49.2907844820,9.8626195250,49.5157844820,484,9.5126195250,49.2907844820
9.5126195250,49.0657844820,9.8626195250,49.2907844820,485,9.5126195250,49.0657844820
9.5126195250,48.8407844820,9.8626195250,49.0657844820,486,9.5126195250,48.8407844820
9.5126195250,48.6157844820,9.8626195250,48.8407844820,487,9.5126195250,48.6157844820
9.5126195250,48.3907844820,9.8626195250,48.6157844820,488,9.5126195250,48.3907844820
9.5126195250,48.1657844820,9.8626195250,48.3907844820,489,9.5126195250,48.1657844820
9.5126195250,47.9407844820,9.8626195250,48.1657844820,490,9.5126195250,47.9407844820
9.5126195250,47.7157844820,9.8626195250,47.9407844820,491,9.5126195250,47.7157844820
9.8626195250,54.6907844820,10.2126195250,54.9157844820,498,9.8626195250,54.6907844820
9.8626195250,54.2407844820,10.2126195250,54.4657844820,500,9.8626195250,54.2407844820
9.8626195250,54.0157844820,10.2126195250,54.2407844820,501,9.8626195250,54.0157844820
9.8626195250,53.7907844820,10.2126195250,54.0157844820,502,9.8626195250,53.7907844820
9.8626195250,53.5657844820,10.2126195250,53.7907844820,503,9.8626195250,53.5657844820
9.8626195250,53.3407844820,10.2126195250,53.5657844820,504,9.8626195250,53.3407844820
9.8626195250,53.1157844820,10.2126195250,53.3407844820,505,9.8626195250,53.1157844820
9.8626195250,52.8907844820,10.2126195250,53.1157844820,506,9.8626195250,52.8907844820
9.8626195250,52.6657844820,10.2126195250,52.8907844820,507,9.8626195250,52.6657844820
9.8626195250,52.4407844820,10.2126195250,52.6657844820,508,9.8626195250,52.4407844820
9.8626195250,52.2157844820,10.2126195250,52.4407844820,509,9.8626195250,52.2157844820
9.8626195250,51.9907844820,10.2126195250,52.2157844820,510,9.8626195250,51.9907844820
9.8626195250,51.7657844820,10.2126195250,51.9907844820,511,9.8626195250,51.7657844820
9.8626195250,51.5407844820,10.2126195250,51.7657844820,512,9.8626195250,51.5407844820
9.8626195250,51.3157844820,10.2126195250,51.5407844820,513,9.8626195250,51.3157844820
9.8626195250,51.0907844820,10.2126195250,51.3157844820,514,9.8626195250,51.0907844820
9.8626195250,50.8657844820,10.2126195250,51.0907844820,515,9.8626195250,50.8657844820
9.8626195250,50.6407844820,10.2126195250,50.8657844820,516,9.8626195250,50.6407844820
9.8626195250,50.4157844820,10.2126195250,50.6407844820,517,9.8626195250,50.4157844820
9.8626195250,50.1907844820,10.2126195250,50.4157844820,518,9.8626195250,50.1907844820
9.8626195250,49.9657844820,10.2126195250,50.1907844820,519,9.8626195250,49.9657844820
9.8626195250,49.7407844820,10.2126195250,49.9657844820,520,9.8626195250,49.7407844820
9.8626195250,49.5157844820,10.2126195250,49.7407844820,521,9.8626195250,49.5157844820
9.8626195250,49.2907844820,10.2126195250,49.5157844820,522,9.8626195250,49.2907844820
9.8626195250,49.0657844820,10.2126195250,49.2907844820,523,9.8626195250,49.0657844820
9.8626195250,48.8407844820,10.2126195250,49.0657844820,524,9.8626195250,48.8407844820
9.8626195250,48.6157844820,10.2126195250,48.8407844820,525,9.8626195250,48.6157844820
9.8626195250,48.3907844820,10.2126195250,48.6157844820,526,9.8626195250,48.3907844820
9.8626195250,48.1657844820,10.2126195250,48.3907844820,527,9.8626195250,48.1657844820
9.8626195250,47.9407844820,10.2126195250,48.1657844820,528,9.8626195250,47.9407844820
9.8626195250,47.7157844820,10.2126195250,47.9407844820,529,9.8626195250,47.7157844820
10.2126195250,54.2407844820,10.5626195250,54.4657844820,538,10.2126195250,54.2407844820
10.2126195250,54.0157844820,10.5626195250,54.2407844820,539,10.2126195250,54.0157844820
10.2126195250,53.7907844820,10.5626195250,54.0157844820,540,10.2126195250,53.7907844820
10.2126195250,53.5657844820,10.5626195250,53.7907844820,541,10.2126195250,53.5657844820
10.2126195250,53.3407844820,10.5626195250,53.5657844820,542,10.2126195250,53.3407844820
10.2126195250,53.1157844820,10.5626195250,53.3407844820,543,10.2126195250,53.1157844820
10.2126195250,52.8907844820,10.5626195250,53.1157844820,544,10.2126195250,52.8907844820
10.2126195250,52.6657844820,10.5626195250,52.8907844820,545,10.2126195250,52.6657844820
10.2126195250,52.4407844820,10.5626195250,52.6657844820,546,10.2126195250,52.4407844820
10.2126195250,52.2157844820,10.5626195250,52.4407844820,547,10.2126195250,52.2157844820
10.2126195250,51.9907844820,10.5626195250,52.2157844820,548,10.2126195250,51.9907844820
10.2126195250,51.7657844820,10.5626195250,51.9907844820,549,10.2126195250,51.7657844820
10.2126195250,51.5407844820,10.5626195250,51.7657844820,550,10.2126195250,51.5407844820
10.2126195250,51.3157844820,10.5626195250,51.5407844820,551,10.2126195250,51.3157844820
10.2126195250,51.0907844820,10.5626195250,51.3157844820,552,10.2126195250,51.0907844820
10.2126195250,50.8657844820,10.5626195250,51.0907844820,553,10.2126195250,50.8657844820
10.2126195250,50.6407844820,10.5626195250,50.8657844820,554,10.2126195250,50.6407844820
10.2126195250,50.4157844820,10.5626195250,50.6407844820,555,10.2126195250,50.4157844820
10.2126195250,50.1907844820,10.5626195250,50.4157844820,556,10.2126195250,50.1907844820
10.2126195250,49.9657844820,10.5626195250,50.1907844820,557,10.2126195250,49.9657844820
10.2126195250,49.7407844820,10.5626195250,49.9657844820,558,10.2126195250,49.7407844820
10.2126195250,49.5157844820,10.5626195250,49.7407844820,559,10.2126195250,49.5157844820
10.2126195250,49.2907844820,10.5626195250,49.5157844820,560,10.2126195250,49.2907844820
10.2126195250,49.0657844820,10.5626195250,49.2907844820,561,10.2126195250,49.0657844820
10.2126195250,48.8407844820,10.5626195250,49.0657844820,562,10.2126195250,48.8407844820
10.2126195250,48.6157844820,10.5626195250,48.8407844820,563,10.2126195250,48.6157844820
10.2126195250,48.3907844820,10.5626195250,48.6157844820,564,10.2126195250,48.3907844820
10.2126195250,48.1657844820,10.5626195250,48.3907844820,565,10.2126195250,48.1657844820
10.2126195250,47.9407844820,10.5626195250,48.1657844820,566,10.2126195250,47.9407844820
10.2126195250,47.7157844820,10.5626195250,47.9407844820,567,10.2126195250,47.7157844820
10.2126195250,47.4907844820,10.5626195250,47.7157844820,568,10.2126195250,47.4907844820
10.5626195250,54.2407844820,10.9126195250,54.4657844820,576,10.5626195250,54.2407844820
10.5626195250,54.0157844820,10.9126195250,54.2407844820,577,10.5626195250,54.0157844820
10.5626195250,53.7907844820,10.9126195250,54.0157844820,578,10.5626195250,53.7907844820
10.5626195250,53.5657844820,10.9126195250,53.7907844820,579,10.5626195250,53.5657844820
10.5626195250,53.3407844820,10.9126195250,53.5657844820,580,10.5626195250,53.3407844820
10.5626195250,53.1157844820,10.9126195250,53.3407844820,581,10.5626195250,53.1157844820
10.5626195250,52.8907844820,10.9126195250,53.1157844820,582,10.5626195250,52.8907844820
10.5626195250,52.6657844820,10.9126195250,52.8907844820,583,10.5626195250,52.6657844820
10.5626195250,52.4407844820,10.9126195250,52.6657844820,584,10.5626195250,52.4407844820
10.5626195250,52.2157844820,10.9126195250,52.4407844820,585,10.5626195250,52.2157844820
10.5626195250,51.9907844820,10.9126195250,52.2157844820,586,10.5626195250,51.9907844820
10.5626195250,51.7657844820,10.9126195250,51.9907844820,587,10.5626195250,51.7657844820
10.5626195250,51.5407844820,10.9126195250,51.7657844820,588,10.5626195250,51.5407844820
10.5626195250,51.3157844820,10.9126195250,51.5407844820,589,10.5626195250,51.3157844820
10.5626195250,51.0907844820,10.9126195250,51.3157844820,590,10.5626195250,51.0907844820
10.5626195250,50.8657844820,10.9126195250,51.0907844820,591,10.5626195250,50.8657844820
10.5626195250,50.6407844820,10.9126195250,50.8657844820,592,10.5626195250,50.6407844820
10.5626195250,50.4157844820,10.9126195250,50.6407844820,593,10.5626195250,50.4157844820
10.5626195250,50.1907844820,10.9126195250,50.4157844820,594,10.5626195250,50.1907844820
10.5626195250,49.9657844820,10.9126195250,50.1907844820,595,10.5626195250,49.9657844820
10.5626195250,49.7407844820,10.9126195250,49.9657844820,596,10.5626195250,49.7407844820
10.5626195250,49.5157844820,10.9126195250,49.7407844820,597,10.5626195250,49.5157844820
10.5626195250,49.2907844820,10.9126195250,49.5157844820,598,10.5626195250,49.2907844820
10.5626195250,49.0657844820,10.9126195250,49.2907844820,599,10.5626195250,49.0657844820
10.5626195250,48.8407844820,10.9126195250,49.0657844820,600,10.5626195250,48.8407844820
10.5626195250,48.6157844820,10.9126195250,48.8407844820,601,10.5626195250,48.6157844820
10.5626195250,48.3907844820,10.9126195250,48.6157844820,602,10.5626195250,48.3907844820
10.5626195250,48.1657844820,10.9126195250,48.3907844820,603,10.5626195250,48.1657844820
10.5626195250,47.9407844820,10.9126195250,48.1657844820,604,10.5626195250,47.9407844820
10.5626195250,47.7157844820,10.9126195250,47.9407844820,605,10.5626195250,47.7157844820
10.9126195250,54.2407844820,11.2626195250,54.4657844820,614,10.9126195250,54.2407844820
10.9126195250,53.7907844820,11.2626195250,54.0157844820,616,10.9126195250,53.7907844820
10.9126195250,53.5657844820,11.2626195250,53.7907844820,617,10.9126195250,53.5657844820
10.9126195250,53.3407844820,11.2626195250,53.5657844820,618,10.9126195250,53.3407844820
10.9126195250,53.1157844820,11.2626195250,53.3407844820,619,10.9126195250,53.1157844820
10.9126195250,52.8907844820,11.2626195250,53.1157844820,620,10.9126195250,52.8907844820
10.9126195250,52.6657844820,11.2626195250,52.8907844820,621,10.9126195250,52.6657844820
10.9126195250,52.4407844820,11.2626195250,52.6657844820,622,10.9126195250,52.4407844820
10.9126195250,52.2157844820,11.2626195250,52.4407844820,623,10.9126195250,52.2157844820
10.9126195250,51.9907844820,11.2626195250,52.2157844820,624,10.9126195250,51.9907844820
10.9126195250,51.7657844820,11.2626195250,51.9907844820,625,10.9126195250,51.7657844820
10.9126195250,51.5407844820,11.2626195250,51.7657844820,626,10.9126195250,51.5407844820
10.9126195250,51.3157844820,11.2626195250,51.5407844820,627,10.9126195250,51.3157844820
10.9126195250,51.0907844820,11.2626195250,51.3157844820,628,10.9126195250,51.0907844820
10.9126195250,50.8657844820,11.2626195250,51.0907844820,629,10.9126195250,50.8657844820
10.9126195250,50.6407844820,11.2626195250,50.8657844820,630,10.9126195250,50.6407844820
10.9126195250,50.4157844820,11.2626195250,50.6407844820,631,10.9126195250,50.4157844820
10.9126195250,50.1907844820,11.2626195250,50.4157844820,632,10.9126195250,50.1907844820
10.9126195250,49.9657844820,11.2626195250,50.1907844820,633,10.9126195250,49.9657844820
10.9126195250,49.7407844820,11.2626195250,49.9657844820,634,10.9126195250,49.7407844820
10.9126195250,49.5157844820,11.2626195250,49.7407844820,635,10.9126195250,49.5157844820
10.9126195250,49.2907844820,11.2626195250,49.5157844820,636,10.9126195250,49.2907844820
10.9126195250,49.0657844820,11.2626195250,49.2907844820,637,10.9126195250,49.0657844820
10.9126195250,48.8407844820,11.2626195250,49.0657844820,638,10.9126195250,48.8407844820
10.9126195250,48.6157844820,11.2626195250,48.8407844820,639,10.9126195250,48.6157844820
10.9126195250,48.3907844820,11.2626195250,48.6157844820,640,10.9126195250,48.3907844820
10.9126195250,48.1657844820,11.2626195250,48.3907844820,641,10.9126195250,48.1657844820
10.9126195250,47.9407844820,11.2626195250,48.1657844820,642,10.9126195250,47.9407844820
10.9126195250,47.7157844820,11.2626195250,47.9407844820,643,10.9126195250,47.7157844820
10.9126195250,47.4907844820,11.2626195250,47.7157844820,644,10.9126195250,47.4907844820
11.2626195250,54.4657844820,11.6126195250,54.6907844820,651,11.2626195250,54.4657844820
11.2626195250,53.7907844820,11.6126195250,54.0157844820,654,11.2626195250,53.7907844820
11.2626195250,53.5657844820,11.6126195250,53.7907844820,655,11.2626195250,53.5657844820
11.2626195250,53.3407844820,11.6126195250,53.5657844820,656,11.2626195250,53.3407844820
11.2626195250,53.1157844820,11.6126195250,53.3407844820,657,11.2626195250,53.1157844820
11.2626195250,52.8907844820,11.6126195250,53.1157844820,658,11.2626195250,52.8907844820
11.2626195250,52.6657844820,11.6126195250,52.8907844820,659,11.2626195250,52.6657844820
11.2626195250,52.4407844820,11.6126195250,52.6657844820,660,11.2626195250,52.4407844820
11.2626195250,52.2157844820,11.6126195250,52.4407844820,661,11.2626195250,52.2157844820
11.2626195250,51.9907844820,11.6126195250,52.2157844820,662,11.2626195250,51.9907844820
11.2626195250,51.7657844820,11.6126195250,51.9907844820,663,11.2626195250,51.7657844820
11.2626195250,51.5407844820,11.6126195250,51.7657844820,664,11.2626195250,51.5407844820
11.2626195250,51.3157844820,11.6126195250,51.5407844820,665,11.2626195250,51.3157844820
11.2626195250,51.0907844820,11.6126195250,51.3157844820,666,11.2626195250,51.0907844820
11.2626195250,50.8657844820,11.6126195250,51.0907844820,667,11.2626195250,50.8657844820
11.2626195250,50.6407844820,11.6126195250,50.8657844820,668,11.2626195250,50.6407844820
11.2626195250,50.4157844820,11.6126195250,50.6407844820,669,11.2626195250,50.4157844820
11.2626195250,50.1907844820,11.6126195250,50.4157844820,670,11.2626195250,50.1907844820
11.2626195250,49.9657844820,11.6126195250,50.1907844820,671,11.2626195250,49.9657844820
11.2626195250,49.7407844820,11.6126195250,49.9657844820,672,11.2626195250,49.7407844820
11.2626195250,49.5157844820,11.6126195250,49.7407844820,673,11.2626195250,49.5157844820
11.2626195250,49.2907844820,11.6126195250,49.5157844820,674,11.2626195250,49.2907844820
11.2626195250,49.0657844820,11.6126195250,49.2907844820,675,11.2626195250,49.0657844820
11.2626195250,48.8407844820,11.6126195250,49.0657844820,676,11.2626195250,48.8407844820
11.2626195250,48.6157844820,11.6126195250,48.8407844820,677,11.2626195250,48.6157844820
11.2626195250,48.3907844820,11.6126195250,48.6157844820,678,11.2626195250,48.3907844820
11.2626195250,48.1657844820,11.6126195250,48.3907844820,679,11.2626195250,48.1657844820
11.2626195250,47.9407844820,11.6126195250,48.1657844820,680,11.2626195250,47.9407844820
11.2626195250,47.7157844820,11.6126195250,47.9407844820,681,11.2626195250,47.7157844820
11.2626195250,47.4907844820,11.6126195250,47.7157844820,682,11.2626195250,47.4907844820
11.6126195250,54.0157844820,11.9626195250,54.2407844820,691,11.6126195250,54.0157844820
11.6126195250,53.7907844820,11.9626195250,54.0157844820,692,11.6126195250,53.7907844820
11.6126195250,53.5657844820,11.9626195250,53.7907844820,693,11.6126195250,53.5657844820
11.6126195250,53.3407844820,11.9626195250,53.5657844820,694,11.6126195250,53.3407844820
11.6126195250,53.1157844820,11.9626195250,53.3407844820,695,11.6126195250,53.1157844820
11.6126195250,52.8907844820,11.9626195250,53.1157844820,696,11.6126195250,52.8907844820
11.6126195250,52.6657844820,11.9626195250,52.8907844820,697,11.6126195250,52.6657844820
11.6126195250,52.4407844820,11.9626195250,52.6657844820,698,11.6126195250,52.4407844820
11.6126195250,52.2157844820,11.9626195250,52.4407844820,699,11.6126195250,52.2157844820
11.6126195250,51.9907844820,11.9626195250,52.2157844820,700,11.6126195250,51.9907844820
11.6126195250,51.7657844820,11.9626195250,51.9907844820,701,11.6126195250,51.7657844820
11.6126195250,51.5407844820,11.9626195250,51.7657844820,702,11.6126195250,51.5407844820
11.6126195250,51.3157844820,11.9626195250,51.5407844820,703,11.6126195250,51.3157844820
11.6126195250,51.0907844820,11.9626195250,51.3157844820,704,11.6126195250,51.0907844820
11.6126195250,50.8657844820,11.9626195250,51.0907844820,705,11.6126195250,50.8657844820
11.6126195250,50.6407844820,11.9626195250,50.8657844820,706,11.6126195250,50.6407844820
11.6126195250,50.4157844820,11.9626195250,50.6407844820,707,11.6126195250,50.4157844820
11.6126195250,50.1907844820,11.9626195250,50.4157844820,708,11.6126195250,50.1907844820
11.6126195250,49.9657844820,11.9626195250,50.1907844820,709,11.6126195250,49.9657844820
11.6126195250,49.7407844820,11.9626195250,49.9657844820,710,11.6126195250,49.7407844820
11.6126195250,49.5157844820,11.9626195250,49.7407844820,711,11.6126195250,49.5157844820
11.6126195250,49.2907844820,11.9626195250,49.5157844820,712,11.6126195250,49.2907844820
11.6126195250,49.0657844820,11.9626195250,49.2907844820,713,11.6126195250,49.0657844820
11.6126195250,48.8407844820,11.9626195250,49.0657844820,714,11.6126195250,48.8407844820
11.6126195250,48.6157844820,11.9626195250,48.8407844820,715,11.6126195250,48.6157844820
11.6126195250,48.3907844820,11.9626195250,48.6157844820,716,11.6126195250,48.3907844820
11.6126195250,48.1657844820,11.9626195250,48.3907844820,717,11.6126195250,48.1657844820
11.6126195250,47.9407844820,11.9626195250,48.1657844820,718,11.6126195250,47.9407844820
11.6126195250,47.7157844820,11.9626195250,47.9407844820,719,11.6126195250,47.7157844820
11.9626195250,54.0157844820,12.3126195250,54.2407844820,729,11.9626195250,54.0157844820
11.9626195250,53.7907844820,12.3126195250,54.0157844820,730,11.9626195250,53.7907844820
11.9626195250,53.5657844820,12.3126195250,53.7907844820,731,11.9626195250,53.5657844820
11.9626195250,53.3407844820,12.3126195250,53.5657844820,732,11.9626195250,53.3407844820
11.9626195250,53.1157844820,12.3126195250,53.3407844820,733,11.9626195250,53.1157844820
11.9626195250,52.8907844820,12.3126195250,53.1157844820,734,11.9626195250,52.8907844820
11.9626195250,52.6657844820,12.3126195250,52.8907844820,735,11.9626195250,52.6657844820
11.9626195250,52.4407844820,12.3126195250,52.6657844820,736,11.9626195250,52.4407844820
11.9626195250,52.2157844820,12.3126195250,52.4407844820,737,11.9626195250,52.2157844820
11.9626195250,51.9907844820,12.3126195250,52.2157844820,738,11.9626195250,51.9907844820
11.9626195250,51.7657844820,12.3126195250,51.9907844820,739,11.9626195250,51.7657844820
11.9626195250,51.5407844820,12.3126195250,51.7657844820,740,11.9626195250,51.5407844820
11.9626195250,51.3157844820,12.3126195250,51.5407844820,741,11.9626195250,51.3157844820
11.9626195250,51.0907844820,12.3126195250,51.3157844820,742,11.9626195250,51.0907844820
11.9626195250,50.8657844820,12.3126195250,51.0907844820,743,11.9626195250,50.8657844820
11.9626195250,50.6407844820,12.3126195250,50.8657844820,744,11.9626195250,50.6407844820
11.9626195250,50.4157844820,12.3126195250,50.6407844820,745,11.9626195250,50.4157844820
11.9626195250,50.1907844820,12.3126195250,50.4157844820,746,11.9626195250,50.1907844820
11.9626195250,49.9657844820,12.3126195250,50.1907844820,747,11.9626195250,49.9657844820
11.9626195250,49.7407844820,12.3126195250,49.9657844820,748,11.9626195250,49.7407844820
11.9626195250,49.5157844820,12.3126195250,49.7407844820,749,11.9626195250,49.5157844820
11.9626195250,49.2907844820,12.3126195250,49.5157844820,750,11.9626195250,49.2907844820
11.9626195250,49.0657844820,12.3126195250,49.2907844820,751,11.9626195250,49.0657844820
11.9626195250,48.8407844820,12.3126195250,49.0657844820,752,11.9626195250,48.8407844820
11.9626195250,48.6157844820,12.3126195250,48.8407844820,753,11.9626195250,48.6157844820
11.9626195250,48.3907844820,12.3126195250,48.6157844820,754,11.9626195250,48.3907844820
11.9626195250,48.1657844820,12.3126195250,48.3907844820,755,11.9626195250,48.1657844820
11.9626195250,47.9407844820,12.3126195250,48.1657844820,756,11.9626195250,47.9407844820
11.9626195250,47.7157844820,12.3126195250,47.9407844820,757,11.9626195250,47.7157844820
12.3126195250,54.2407844820,12.6626195250,54.4657844820,766,12.3126195250,54.2407844820
12.3126195250,54.0157844820,12.6626195250,54.2407844820,767,12.3126195250,54.0157844820
12.3126195250,53.7907844820,12.6626195250,54.0157844820,768,12.3126195250,53.7907844820
12.3126195250,53.5657844820,12.6626195250,53.7907844820,769,12.3126195250,53.5657844820
12.3126195250,53.3407844820,12.6626195250,53.5657844820,770,12.3126195250,53.3407844820
12.3126195250,53.1157844820,12.6626195250,53.3407844820,771,12.3126195250,53.1157844820
12.3126195250,52.8907844820,12.6626195250,53.1157844820,772,12.3126195250,52.8907844820
12.3126195250,52.6657844820,12.6626195250,52.8907844820,773,12.3126195250,52.6657844820
12.3126195250,52.4407844820,12.6626195250,52.6657844820,774,12.3126195250,52.4407844820
12.3126195250,52.2157844820,12.6626195250,52.4407844820,775,12.3126195250,52.2157844820
12.3126195250,51.9907844820,12.6626195250,52.2157844820,776,12.3126195250,51.9907844820
12.3126195250,51.7657844820,12.6626195250,51.9907844820,777,12.3126195250,51.7657844820
12.3126195250,51.5407844820,12.6626195250,51.7657844820,778,12.3126195250,51.5407844820
12.3126195250,51.3157844820,12.6626195250,51.5407844820,779,12.3126195250,51.3157844820
12.3126195250,51.0907844820,12.6626195250,51.3157844820,780,12.3126195250,51.0907844820
12.3126195250,50.8657844820,12.6626195250,51.0907844820,781,12.3126195250,50.8657844820
12.3126195250,50.6407844820,12.6626195250,50.8657844820,782,12.3126195250,50.6407844820
12.3126195250,50.4157844820,12.6626195250,50.6407844820,783,12.3126195250,50.4157844820
12.3126195250,50.1907844820,12.6626195250,50.4157844820,784,12.3126195250,50.1907844820
12.3126195250,49.9657844820,12.6626195250,50.1907844820,785,12.3126195250,49.9657844820
12.3126195250,49.7407844820,12.6626195250,49.9657844820,786,12.3126195250,49.7407844820
12.3126195250,49.5157844820,12.6626195250,49.7407844820,787,12.3126195250,49.5157844820
12.3126195250,49.2907844820,12.6626195250,49.5157844820,788,12.3126195250,49.2907844820
12.3126195250,49.0657844820,12.6626195250,49.2907844820,789,12.3126195250,49.0657844820
12.3126195250,48.8407844820,12.6626195250,49.0657844820,790,12.3126195250,48.8407844820
12.3126195250,48.6157844820,12.6626195250,48.8407844820,791,12.3126195250,48.6157844820
12.3126195250,48.3907844820,12.6626195250,48.6157844820,792,12.3126195250,48.3907844820
12.3126195250,48.1657844820,12.6626195250,48.3907844820,793,12.3126195250,48.1657844820
12.3126195250,47.9407844820,12.6626195250,48.1657844820,794,12.3126195250,47.9407844820
12.3126195250,47.7157844820,12.6626195250,47.9407844820,795,12.3126195250,47.7157844820
12.6626195250,54.2407844820,13.0126195250,54.4657844820,804,12.6626195250,54.2407844820
12.6626195250,54.0157844820,13.0126195250,54.2407844820,805,12.6626195250,54.0157844820
12.6626195250,53.7907844820,13.0126195250,54.0157844820,806,12.6626195250,53.7907844820
12.6626195250,53.5657844820,13.0126195250,53.7907844820,807,12.6626195250,53.5657844820
12.6626195250,53.3407844820,13.0126195250,53.5657844820,808,12.6626195250,53.3407844820
12.6626195250,53.1157844820,13.0126195250,53.3407844820,809,12.6626195250,53.1157844820
12.6626195250,52.8907844820,13.0126195250,53.1157844820,810,12.6626195250,52.8907844820
12.6626195250,52.6657844820,13.0126195250,52.8907844820,811,12.6626195250,52.6657844820
12.6626195250,52.4407844820,13.0126195250,52.6657844820,812,12.6626195250,52.4407844820
12.6626195250,52.2157844820,13.0126195250,52.4407844820,813,12.6626195250,52.2157844820
12.6626195250,51.9907844820,13.0126195250,52.2157844820,814,12.6626195250,51.9907844820
12.6626195250,51.7657844820,13.0126195250,51.9907844820,815,12.6626195250,51.7657844820
12.6626195250,51.5407844820,13.0126195250,51.7657844820,816,12.6626195250,51.5407844820
12.6626195250,51.3157844820,13.0126195250,51.5407844820,817,12.6626195250,51.3157844820
12.6626195250,51.0907844820,13.0126195250,51.3157844820,818,12.6626195250,51.0907844820
12.6626195250,50.8657844820,13.0126195250,51.0907844820,819,12.6626195250,50.8657844820
12.6626195250,50.6407844820,13.0126195250,50.8657844820,820,12.6626195250,50.6407844820
12.6626195250,50.4157844820,13.0126195250,50.6407844820,821,12.6626195250,50.4157844820
12.6626195250,49.2907844820,13.0126195250,49.5157844820,826,12.6626195250,49.2907844820
12.6626195250,49.0657844820,13.0126195250,49.2907844820,827,12.6626195250,49.0657844820
12.6626195250,48.8407844820,13.0126195250,49.0657844820,828,12.6626195250,48.8407844820
12.6626195250,48.6157844820,13.0126195250,48.8407844820,829,12.6626195250,48.6157844820
12.6626195250,48.3907844820,13.0126195250,48.6157844820,830,12.6626195250,48.3907844820
12.6626195250,48.1657844820,13.0126195250,48.3907844820,831,12.6626195250,48.1657844820
12.6626195250,47.9407844820,13.0126195250,48.1657844820,832,12.6626195250,47.9407844820
12.6626195250,47.7157844820,13.0126195250,47.9407844820,833,12.6626195250,47.7157844820
13.0126195250,54.2407844820,13.3626195250,54.4657844820,842,13.0126195250,54.2407844820
13.0126195250,54.0157844820,13.3626195250,54.2407844820,843,13.0126195250,54.0157844820
13.0126195250,53.7907844820,13.3626195250,54.0157844820,844,13.0126195250,53.7907844820
13.0126195250,53.5657844820,13.3626195250,53.7907844820,845,13.0126195250,53.5657844820
13.0126195250,53.3407844820,13.3626195250,53.5657844820,846,13.0126195250,53.3407844820
13.0126195250,53.1157844820,13.3626195250,53.3407844820,847,13.0126195250,53.1157844820
13.0126195250,52.8907844820,13.3626195250,53.1157844820,848,13.0126195250,52.8907844820
13.0126195250,52.6657844820,13.3626195250,52.8907844820,849,13.0126195250,52.6657844820
13.0126195250,52.4407844820,13.3626195250,52.6657844820,850,13.0126195250,52.4407844820
13.0126195250,52.2157844820,13.3626195250,52.4407844820,851,13.0126195250,52.2157844820
13.0126195250,51.9907844820,13.3626195250,52.2157844820,852,13.0126195250,51.9907844820
13.0126195250,51.7657844820,13.3626195250,51.9907844820,853,13.0126195250,51.7657844820
13.0126195250,51.5407844820,13.3626195250,51.7657844820,854,13.0126195250,51.5407844820
13.0126195250,51.3157844820,13.3626195250,51.5407844820,855,13.0126195250,51.3157844820
13.0126195250,51.0907844820,13.3626195250,51.3157844820,856,13.0126195250,51.0907844820
13.0126195250,50.8657844820,13.3626195250,51.0907844820,857,13.0126195250,50.8657844820
13.0126195250,50.6407844820,13.3626195250,50.8657844820,858,13.0126195250,50.6407844820
13.0126195250,49.2907844820,13.3626195250,49.5157844820,864,13.0126195250,49.2907844820
13.0126195250,49.0657844820,13.3626195250,49.2907844820,865,13.0126195250,49.0657844820
13.0126195250,48.8407844820,13.3626195250,49.0657844820,866,13.0126195250,48.8407844820
13.0126195250,48.6157844820,13.3626195250,48.8407844820,867,13.0126195250,48.6157844820
13.0126195250,48.3907844820,13.3626195250,48.6157844820,868,13.0126195250,48.3907844820
13.0126195250,47.7157844820,13.3626195250,47.9407844820,871,13.0126195250,47.7157844820
13.0126195250,47.4907844820,13.3626195250,47.7157844820,872,13.0126195250,47.4907844820
13.3626195250,54.4657844820,13.7126195250,54.6907844820,879,13.3626195250,54.4657844820
13.3626195250,54.2407844820,13.7126195250,54.4657844820,880,13.3626195250,54.2407844820
13.3626195250,54.0157844820,13.7126195250,54.2407844820,881,13.3626195250,54.0157844820
13.3626195250,53.7907844820,13.7126195250,54.0157844820,882,13.3626195250,53.7907844820
13.3626195250,53.5657844820,13.7126195250,53.7907844820,883,13.3626195250,53.5657844820
13.3626195250,53.3407844820,13.7126195250,53.5657844820,884,13.3626195250,53.3407844820
13.3626195250,53.1157844820,13.7126195250,53.3407844820,885,13.3626195250,53.1157844820
13.3626195250,52.8907844820,13.7126195250,53.1157844820,886,13.3626195250,52.8907844820
13.3626195250,52.6657844820,13.7126195250,52.8907844820,887,13.3626195250,52.6657844820
13.3626195250,52.4407844820,13.7126195250,52.6657844820,888,13.3626195250,52.4407844820
13.3626195250,52.2157844820,13.7126195250,52.4407844820,889,13.3626195250,52.2157844820
13.3626195250,51.9907844820,13.7126195250,52.2157844820,890,13.3626195250,51.9907844820
13.3626195250,51.7657844820,13.7126195250,51.9907844820,891,13.3626195250,51.7657844820
13.3626195250,51.5407844820,13.7126195250,51.7657844820,892,13.3626195250,51.5407844820
13.3626195250,51.3157844820,13.7126195250,51.5407844820,893,13.3626195250,51.3157844820
13.3626195250,51.0907844820,13.7126195250,51.3157844820,894,13.3626195250,51.0907844820
13.3626195250,50.8657844820,13.7126195250,51.0907844820,895,13.3626195250,50.8657844820
13.3626195250,50.6407844820,13.7126195250,50.8657844820,896,13.3626195250,50.6407844820
13.3626195250,49.0657844820,13.7126195250,49.2907844820,903,13.3626195250,49.0657844820
13.3626195250,48.8407844820,13.7126195250,49.0657844820,904,13.3626195250,48.8407844820
13.3626195250,48.6157844820,13.7126195250,48.8407844820,905,13.3626195250,48.6157844820
13.3626195250,48.3907844820,13.7126195250,48.6157844820,906,13.3626195250,48.3907844820
13.7126195250,54.0157844820,14.0626195250,54.2407844820,919,13.7126195250,54.0157844820
13.7126195250,53.7907844820,14.0626195250,54.0157844820,920,13.7126195250,53.7907844820
13.7126195250,53.5657844820,14.0626195250,53.7907844820,921,13.7126195250,53.5657844820
13.7126195250,53.3407844820,14.0626195250,53.5657844820,922,13.7126195250,53.3407844820
13.7126195250,53.1157844820,14.0626195250,53.3407844820,923,13.7126195250,53.1157844820
13.7126195250,52.8907844820,14.0626195250,53.1157844820,924,13.7126195250,52.8907844820
13.7126195250,52.6657844820,14.0626195250,52.8907844820,925,13.7126195250,52.6657844820
13.7126195250,52.4407844820,14.0626195250,52.6657844820,926,13.7126195250,52.4407844820
13.7126195250,52.2157844820,14.0626195250,52.4407844820,927,13.7126195250,52.2157844820
13.7126195250,51.9907844820,14.0626195250,52.2157844820,928,13.7126195250,51.9907844820
13.7126195250,51.7657844820,14.0626195250,51.9907844820,929,13.7126195250,51.7657844820
13.7126195250,51.5407844820,14.0626195250,51.7657844820,930,13.7126195250,51.5407844820
13.7126195250,51.3157844820,14.0626195250,51.5407844820,931,13.7126195250,51.3157844820
13.7126195250,51.0907844820,14.0626195250,51.3157844820,932,13.7126195250,51.0907844820
13.7126195250,50.8657844820,14.0626195250,51.0907844820,933,13.7126195250,50.8657844820
13.7126195250,48.8407844820,14.0626195250,49.0657844820,942,13.7126195250,48.8407844820
13.7126195250,48.6157844820,14.0626195250,48.8407844820,943,13.7126195250,48.6157844820
14.0626195250,54.0157844820,14.4126195250,54.2407844820,957,14.0626195250,54.0157844820
14.0626195250,53.5657844820,14.4126195250,53.7907844820,959,14.0626195250,53.5657844820
14.0626195250,53.3407844820,14.4126195250,53.5657844820,960,14.0626195250,53.3407844820
14.0626195250,53.1157844820,14.4126195250,53.3407844820,961,14.0626195250,53.1157844820
14.0626195250,52.8907844820,14.4126195250,53.1157844820,962,14.0626195250,52.8907844820
14.0626195250,52.6657844820,14.4126195250,52.8907844820,963,14.0626195250,52.6657844820
14.0626195250,52.4407844820,14.4126195250,52.6657844820,964,14.0626195250,52.4407844820
14.0626195250,52.2157844820,14.4126195250,52.4407844820,965,14.0626195250,52.2157844820
14.0626195250,51.9907844820,14.4126195250,52.2157844820,966,14.0626195250,51.9907844820
14.0626195250,51.7657844820,14.4126195250,51.9907844820,967,14.0626195250,51.7657844820
14.0626195250,51.5407844820,14.4126195250,51.7657844820,968,14.0626195250,51.5407844820
14.0626195250,51.3157844820,14.4126195250,51.5407844820,969,14.0626195250,51.3157844820
14.0626195250,51.0907844820,14.4126195250,51.3157844820,970,14.0626195250,51.0907844820
14.0626195250,50.8657844820,14.4126195250,51.0907844820,971,14.0626195250,50.8657844820
14.4126195250,52.6657844820,14.7626195250,52.8907844820,1001,14.4126195250,52.6657844820
14.4126195250,52.4407844820,14.7626195250,52.6657844820,1002,14.4126195250,52.4407844820
14.4126195250,52.2157844820,14.7626195250,52.4407844820,1003,14.4126195250,52.2157844820
14.4126195250,51.9907844820,14.7626195250,52.2157844820,1004,14.4126195250,51.9907844820
14.4126195250,51.7657844820,14.7626195250,51.9907844820,1005,14.4126195250,51.7657844820
14.4126195250,51.5407844820,14.7626195250,51.7657844820,1006,14.4126195250,51.5407844820
14.4126195250,51.3157844820,14.7626195250,51.5407844820,1007,14.4126195250,51.3157844820
14.4126195250,51.0907844820,14.7626195250,51.3157844820,1008,14.4126195250,51.0907844820
14.7626195250,51.3157844820,15.1126195250,51.5407844820,1045,14.7626195250,51.3157844820
14.7626195250,51.0907844820,15.1126195250,51.3157844820,1046,14.7626195250,51.0907844820
14.7626195250,50.8657844820,15.1126195250,51.0907844820,1047,14.7626195250,50.8657844820
